name,value
甲賀温泉（こうが）,3.1309523082205226
京都竹の郷温泉（きょうとたけのさと）,2.343973982547011
千里浜やわらぎ温泉（ちりはまやわらぎ）,2.3117783179595355
佐賀大和温泉（さがやまと）,2.259785883838222
天ヶ瀬温泉（あまがせ）,2.2243239585132826
ニセコ東山温泉（にせこひがしやま）,2.2239682273495767
牛滝温泉（うしたき）,2.213876862611089
原鶴温泉（はらづる）,2.2027338093944957
笹倉温泉（ささくら）,2.201404842592421
鵜原温泉（うばら）,2.185483631988366
天降川温泉（あもりがわ）,2.1762854297246252
天草温泉（あまくさ）,2.1750902987661815
鯵ヶ沢高原温泉（あじがさわこうげん）,2.174714085601625
上の原温泉（水上温泉郷）（うえのはら（みなかみ））,2.168471867129916
祖谷渓温泉（いやけい）,2.165275840532212
白峰温泉（しらみね）,2.163934685999439
佐渡加茂湖温泉（さどかもこ）,2.1571779059512277
火の谷温泉（ひのたに）,2.154872627840156
湖尻温泉（こじり）,2.154803967546849
越前南部温泉（えちぜんなんぶ）,2.150481987567175
白馬乗鞍温泉（はくばのりくら）,2.1491742719497
石道温泉（いしみち）,2.148891618209226
寺泊温泉（てらどまり）,2.1486038746578355
黒姫温泉（くろひめ）,2.141338297653766
倶知安温泉（くっちゃん）,2.1368824048411277
奥武雄温泉（おくたけお）,2.1367682083731605
木曽温泉（きそ）,2.1338031976705505
青島温泉（あおしま）,2.129764187903631
奥白馬温泉（おくはくば）,2.129415486894903
甲斐大泉温泉（かいおおいずみ）,2.1293129434897784
鬼押温泉（おにおし）,2.1217871507008867
大山温泉（だいせん）,2.121203916058654
南房総白浜温泉（みなみぼうそうしらはま）,2.110707215964794
ニセコ温泉郷（にせこ）,2.1026375205034302
見奈良天然温泉（みならてんねん）,2.095877868433793
姫川温泉（ひめかわ）,2.090134632729349
鶴ノ湯温泉（つるのゆ）,2.089232023627985
奥伊根温泉（おくいね）,2.088298135215328
筌ノ口温泉（うけのくち）,2.087911393316019
然別湖畔温泉（しかりべつこはん）,2.0866374784991857
登別温泉（のぼりべつ）,2.0819097136457763
東郷温泉（とうごう）,2.0817839301058223
平湯温泉（奥飛騨温泉郷）（ひらゆ（おくひだ））,2.079651828323092
山香温泉（やまが）,2.0724215950994265
人吉温泉（ひとよし）,2.072421245986507
信州いいじま温泉（しんしゅういいじま）,2.06470875477507
湯之尾温泉（ゆのお）,2.062502356866996
南木曽富貴畑高原温泉郷（なぎそふきばたこうげん）,2.0571731183500517
はまなす温泉（はまなす）,2.056201082609949
ロマントピア温泉（ろまんとぴあ）,2.0554783567786217
新穂高温泉（しんほたか）,2.055457925867467
濁河温泉（にごりご）,2.0540130017768767
奥軽井沢温泉（おくかるいざわ）,2.0516848894102235
天津小湊温泉（あまつこみなと）,2.0468496222581183
南紀白浜温泉（なんきしらはま）,2.0428896748593877
幕別温泉（まくべつ）,2.03689995549974
大船上の湯温泉（おおふなかみのゆ）,2.0364905170031955
中禅寺温泉（ちゅうぜんじ）,2.0313730587561922
芦別温泉（あしべつ）,2.025011732464745
太良竹崎温泉（たらたけさき）,2.023554465245633
千貫石温泉（せんがんいし）,2.023297528071063
滝沢温泉（たきざわ）,2.0227804694856917
梅ヶ島新田温泉（うめがしましんでん）,2.0214153840428306
ニセコ昆布温泉（こんぶ）,2.0194269319375353
赤瀬温泉（あかせ）,2.017425150388763
飛騨高山温泉（ひだたかやま）,2.0150057989216985
宇佐温泉（うさ）,2.014931513794831
中津川温泉（なかつがわ）,2.014641697208087
光徳温泉（こうとく）,2.012330973786967
天平の湯温泉（てんぴょうのゆ）,2.0119547105970836
こうでら温泉（こうでら）,2.000482346507765
いろは島温泉（いろはじま）,1.9955006532725834
妙見温泉（みょうけん）,1.9947634960214298
磯原温泉（いそはら）,1.9929043579669226
旭川温泉（あさひかわ）,1.9927809178119613
淡路島・南淡路温泉郷（あわじしま・みなみあわじ）,1.987662703863212
歌登温泉（うたのぼり）,1.9867738861413229
土湯温泉（つちゆ）,1.9848301392935572
久木野温泉（くぎの）,1.982913443729991
磯部温泉（いそべ）,1.9813953301026708
ニセコワイス高原温泉（にせこわいすこうげん）,1.9811985059863044
吉井温泉（よしい）,1.9774426207655953
南九州頴娃（みなみきゅうしゅう・えい）,1.977151676657654
丹後奥伊根温泉（たんごおくいね）,1.9764277470253764
厳美渓温泉（げんびけい）,1.9723945653864314
平戸温泉（ひらど）,1.9710011847672009
菊南温泉（きくなん）,1.9686701191323144
峠の湯（とうげのゆ）,1.9670870169287635
肘折温泉（ひじおり）,1.9667995508228029
袋田温泉（ふくろだ）,1.9666554484338987
満願寺温泉（まんがんじ）,1.9663790130899066
御神楽温泉（みかぐら）,1.9638519925730569
かつらぎ温泉（かつらぎ）,1.9607358298131399
上の湯温泉郷（かみのゆ）,1.9593258251746495
川棚大崎温泉（かわだなおおさき）,1.958768453271616
赤城温泉（あかぎ）,1.9579290130308697
ウトロ温泉（うとろ）,1.954133421537422
有田温泉（ありた）,1.9507063950101535
中山平温泉（なかやまだいら）,1.9479203337714786
甲府温泉（こうふ）,1.9456162871349425
勝浦温泉（かつうら）,1.9452915202294077
別府温泉郷（べっぷ）,1.9450251885822842
湯の川温泉（ゆのかわ）,1.9449500040639014
恵山温泉郷（えさん）,1.9440096230024384
犬鳴山温泉（いぬなきやま）,1.9409726187586784
ニセコ黄金温泉（にせここがね）,1.9356318729973976
有馬温泉（ありま）,1.934371972367877
利尻富士温泉（りしりふじ）,1.9334642880019688
八雲温泉（北海道）（やくも）,1.9307033125133741
笠置温泉（かさぎ）,1.928286683346544
岩尾別温泉（いわおべつ）,1.927789637730235
ニセコ薬師温泉（にせこやくし）,1.9270436934062414
船尾の湯（ふなおのゆ）,1.923016496002674
塚野鉱泉（つかのこうせん）,1.9212307199126197
亀山温泉（かめやま）,1.9172116198710032
霧島温泉郷（きりしま）,1.9169471402253424
大玉温泉（おおたま）,1.914047322457745
白浜元湯温泉（しらはまもとゆ）,1.9120201766490936
九重温泉郷（くじゅう）,1.9111168565494674
清里高原KEEP温泉（きよさとこうげんきーぷ）,1.9108144850248383
休暇村乳頭温泉郷（きゅうかむらにゅうとう）,1.9097167123996077
鹿沢温泉（かざわ）,1.9091396310499738
天橋立温泉（あまのはしだて）,1.9078010129077094
くにさき六郷温泉（くにさきろくごう）,1.9062320916425615
美唄温泉（びばい）,1.9046507701277733
龍神温泉（りゅうじん）,1.9042338555057843
丸駒温泉（まるこま）,1.9036638853805405
天草下田温泉（あまくさしもだ）,1.9036027615269027
草塩温泉（くさしお）,1.901207447052002
郡山温泉（こおりやま）,1.8999863344998587
大沢山温泉（おおさわやま）,1.8988576393042291
伏見温泉（ふしみ）,1.897716822368758
大神温泉（おおがみ）,1.8966135332981746
田代温泉（たしろ）,1.8964709919833003
神山温泉（かみやま）,1.8929909045497575
矢原温泉（やわら）,1.8926805758050511
九酔渓温泉（きゅうすいけい）,1.8912389821239879
平戸たびら温泉（ひらどたびら）,1.890071296266147
雫石高倉温泉（しずくいしたかくら）,1.8895040927898317
新鹿沢温泉（しんかざわ）,1.888813392037437
塩田温泉（しおた）,1.8873305693268776
嬉野温泉（うれしの）,1.8858537854892867
石狩太美温泉（いしかりふとみ）,1.8849885069898196
武雄温泉（たけお）,1.8842146595319111
新大秋温泉（しんたいあき）,1.8830972867352622
小川温泉（おがわ）,1.8815134188958578
大分市内温泉（おおいたしない）,1.8800077339013417
ルスツ温泉（るすつ）,1.8768373202709925
ニセコ駅前温泉（にせこえきまえ）,1.8746221466433435
木更津温泉（きさらづ）,1.8733801941076915
昆布川温泉（こんぶがわ）,1.8728136106261184
十勝川温泉（とかちがわ）,1.8711410015821457
川渡温泉（鳴子温泉郷）（かわたび（なるこ））,1.869786483546098
鴨川温泉（かもがわ）,1.8691001793458348
奥州平泉温泉（おうしゅうひらいずみ）,1.8687825110696612
つつじの湯（つつじのゆ）,1.8660276794717425
赤倉温泉（あかくら）,1.8654129973479678
鳴子温泉（鳴子温泉郷）（ナルコ）,1.8641020721268085
小湊温泉（こみなと）,1.8639172613620758
トムラウシ温泉（とむらうし）,1.863839423372632
二ノ平温泉（にのたいら）,1.859595510931242
新胎内温泉（しんたいない）,1.8588931975620133
日之出温泉（新川渓谷温泉郷）（ひので（しんかわけいこく））,1.8580204447110495
比羅夫温泉（ひらふ）,1.857659867831639
伊賀青山朝妻温泉（あさつま）,1.8514861056492442
湯屋温泉（ゆや）,1.8500920060489858
奥鬼怒温泉郷（おくきぬ）,1.8453258623679478
東鳴子温泉（鳴子温泉郷）（ひがしなるこ（なるこ））,1.8444407706459365
千倉瀬戸浜温泉（ちくらせとはま）,1.8417952376462163
大歩危祖谷阿波温泉（おおぼけいやあわ）,1.8415918626955576
原城温泉（はらじょう）,1.8398696006763549
平山温泉（ひらやま）,1.8383268050494648
城山温泉（しろやま）,1.8382667012157894
北広島温泉（きたひろしま）,1.8377310718808855
たてやま温泉郷（たてやま）,1.836679722581591
安楽温泉（新川渓谷温泉）（あんらく（しんかわけいこくきょう））,1.8344701471782865
京都温泉（きょうと）,1.8309407404490878
波佐見温泉（はさみ）,1.8299996285211473
ニセコモイワ山温泉（にせこもいわやま）,1.8272289000451565
妙義温泉（みょうぎ）,1.826688025678907
みなべ温泉（みなべ）,1.8166388589001836
志摩・浜島温泉郷（しま・はまじま）,1.8163906626758122
口坂本温泉（くちさかもと）,1.8127793158803667
御宿天然温泉（おんじゅくてんねん）,1.812039391625495
千頭温泉（せんず）,1.8108046122250103
志布志温泉（しぶし）,1.810529214108274
たつの荒神山温泉（たつのこうじんやま）,1.8101576126757122
淡路島うずしお温泉（あわじしまうずしお）,1.8100056403449605
勝浦万祝温泉（かつうらまいわい）,1.8075910448318435
長島温泉（ながしま）,1.8016906089725948
鹿屋大平温泉（かのやたいへい）,1.7998397307736533
かしはらの湯（かしはらのゆ）,1.7996695399993943
湯浅温泉（ゆあさ）,1.7992768308946063
平戸千里ケ浜温泉（ひらどせんりがはま）,1.7984232881239481
七里田温泉（しちりだ）,1.7971293695625805
長湯温泉（ながゆ）,1.794843127507539
七滝温泉（河津温泉郷）（ななだる（かわづ））,1.794391854178338
あいのの温泉（あいのの）,1.7927511235078175
木曽御岳温泉（きそおんたけ）,1.790360703532185
飯岡温泉（いいおか）,1.790326958610898
ぬかびら源泉郷（ぬかびらげんせんきょう）,1.7868519326051076
玄海さつき温泉（げんかいさつき）,1.7837190092319535
白水鉱泉温泉（しらみずこうせん）,1.7827452545364697
接岨峡温泉（せっそきょう）,1.7826244188916116
扇温泉（おうぎ）,1.7801279741383733
新川渓谷温泉郷（しんかわけいこく）,1.7785098935876573
伊賀温泉（いが）,1.777440865124975
ニセコアンヌプリ温泉（にせこあんぬぷり）,1.777315260753745
乳頭温泉郷（にゅうとう）,1.7764756848059948
宝来温泉（ほうらい）,1.7745515665128118
菊池渓谷温泉（きくちけいこく）,1.7729894174706367
天然温泉まほろばの湯（てんねんまほろばのゆ）,1.7723378641974359
大原温泉（おおはら）,1.7715129313014804
羽鳥湖温泉（はとりこ）,1.7712745677147592
白金温泉（しろがね）,1.7712716318312145
神湯温泉（かみゆ）,1.7703248961340814
神鍋温泉（かんなべ）,1.7698013530600638
一関温泉郷（いちのせき）,1.7685065847777186
臼杵温泉（うすき）,1.7663361870107197
湖山温泉（こやま）,1.766057115935144
十和田湖畔温泉（とわだこはん）,1.7649450507901965
恵那峡温泉（えなきょう）,1.7639673472869963
鈍川温泉（にぶかわ）,1.7598638076867377
相間川温泉（あいまがわ）,1.7594907145415033
君田温泉（きみた）,1.7594448069021815
永源寺温泉（えいげんじ）,1.7588695461551347
休暇村鹿沢高原雲井の湯（きゅうかむらかざわこうげんくもいのゆ）,1.7583076212377775
猪名川豊壽温泉（いながわほうじゅ）,1.756495818140961
支笏湖温泉（しこつこ）,1.755515068059876
飯田城温泉（いいだじょう）,1.7545068313678105
南紀田辺温泉（なんきたなべ）,1.7544912128221422
あずまや温泉（あずまや）,1.7541623246811686
氷見温泉郷（ひみ）,1.7486836489822184
佐久一萬里温泉（さくいちまんり）,1.7442479910595077
池の平温泉（いけのたいら）,1.7422535962292127
箱根芦ノ湯温泉（はこねあしのゆ）,1.741334430873394
英彦山温泉（ひこさん）,1.740718521000374
牛岳温泉（うしだけ）,1.7406963613771258
日置川温泉（ひきがわ）,1.7384593369705337
久住温泉（くじゅう）,1.7379033796134449
田沢湖高原温泉郷（たざわここうげん）,1.7367754504084587
るり渓温泉（るりけい）,1.734786324557804
天然大和温泉（てんねんやまと）,1.7336681996073042
朝里川温泉（あさりがわ）,1.732428086300691
白金温泉黄金の湯（しろかねこがねのゆ）,1.7309616999257178
上齋原温泉（かみさいばら）,1.7264377613152777
碁点温泉（ごてん）,1.7239858302332105
十津川温泉（とつがわ）,1.7203551938845998
ハツカ石温泉（はつかいし）,1.7202141746169044
城崎円山川温泉（きのさきまるやまがわ）,1.716932943179494
越後中里温泉（えちごなかざと）,1.7164013921504928
高遠温泉（たかとお）,1.7142483719757626
湯盛温泉（ゆもり）,1.7136995196342468
渤海温泉（ぼっかい）,1.7131389819440388
越前町糸生温泉（えちぜんちょういとう）,1.710265878055777
五條リバーサイド温泉（ごじょうりばーさいど）,1.7089202890083903
霧島日当山温泉（きりしまひなたやま）,1.7062200229792368
大堀温泉（おおほり）,1.7053226580222447
広島温泉（ひろしま）,1.7046045806436312
桃沢温泉（ももさわ）,1.7027380924139703
久美浜神の温泉（かんの）,1.7026780850830532
神の湯温泉（かみのゆ）,1.700202303273337
関空温泉（かんくう）,1.698657320014068
わらび温泉（わらび）,1.6984095271854174
黒磯温泉（くろいそ）,1.6967855152629672
秩父・西谷津温泉（ちちぶ・にしやつ）,1.6956870534590311
黒川温泉（くろかわ）,1.6955492141700925
熊野入鹿温泉（くまのいるか）,1.6955069952777453
えびの高原温泉（えびのこうげん）,1.694908820979652
浅茂川浦島温泉（あさもがわうらしま）,1.6946498148498081
奥天竜不動温泉（オクテンリュウフドウ）,1.6932925901242664
南知多山海温泉（みなみちたやまみ）,1.6926556304097176
上越・安塚雪だるま温泉（じょうえつ・やすづかゆきだるま）,1.6916746472318969
岡山空港温泉（おかやまくうこう）,1.691081491254625
湯迫温泉（ゆば）,1.6900194273108529
るり温泉（るり）,1.6885811047894614
上牧温泉（かみもく）,1.6882928457288515
金ヶ崎温泉（かながさき）,1.6876040012353943
明石温泉（あかし）,1.6843194684812
祁答院温泉（けどういん）,1.6835149831715084
大町・籠川渓雲温泉（おおまちかごがわけいうん）,1.6830413405384337
土佐龍温泉（とさりゅう）,1.6823555869715554
城島温泉（きじま）,1.679444263378779
黒木温泉（くろき）,1.6783329049746196
脇田温泉（わきた）,1.6771955745560783
まつだい芝峠温泉（まつだいしばとうげ）,1.6769676261714526
紀州みなべ千里浜温泉（きしゅうみなべせんりはま）,1.676451841990153
匹見峡温泉（ひきみきょう）,1.6756385458367211
安曇野みさと温泉（あずみのみさとおんんせん）,1.675093817214171
湯田川温泉（ゆだがわ）,1.6736652503410976
鯨波松島温泉（くじらなみまつしま）,1.6727592718033564
湯前温泉（ゆのまえ）,1.6723092803288073
下仁田温泉（しもにた）,1.6701056410868962
天徳温泉（てんとく）,1.6682580649143173
よさこい温泉（よさこい）,1.6654933889706929
日光温泉（にっこう）,1.664785463540327
セキアヒルズ温泉（せきあひるず）,1.6646306528931571
岳の湯温泉（熊本県）（たけのゆ）,1.660347631644635
新平湯温泉（奥飛騨温泉郷）（しんひらゆ（おくひだ））,1.659328533070428
佐伯温泉（さいき）,1.658225966351373
柴石温泉（しばせき）,1.6579665875151044
栗山温泉（くりやま）,1.657726553224382
周防大島温泉（すおうおおしま）,1.6570433903308142
由良温泉（ゆら）,1.6567486180436042
新川温泉（新川渓谷温泉郷）（しんかわ（しんかわけいこく））,1.6552748602061045
かぶと湯温泉（かぶとゆ）,1.6535883336549713
信貴山温泉（しぎさん）,1.6534903492955935
七釜温泉（しちかま）,1.6531984866375016
北郷温泉（きたごう）,1.6526036205745878
下條温泉（しもじょう）,1.6521112865635328
天城・持越温泉（あまぎ・もちこし）,1.6513980311297236
月川温泉（つきかわ）,1.6500904478487515
津黒高原温泉（つぐろこうげん）,1.6486615098658062
九頭竜温泉（くずりゅう）,1.6482668902192796
久山温泉（ひさやま）,1.64721134553353
田万川温泉（たまがわ）,1.6430499323067211
常盤温泉（ときわ）,1.6428753357558024
横手駅前温泉（よこてえきまえ）,1.642343887260982
富士見温泉見晴らしの湯（ふじみみはらしのゆ）,1.6420793288520403
志賀の郷温泉（しかのさと）,1.6405442236434846
河津温泉郷（かわづ）,1.6392689068757353
湯元帯広温泉（ゆもとおびひろ）,1.6392174043825694
小田原温泉（おだわら）,1.6387391672247933
小野小町温泉（おののこまち）,1.6384520488125938
温井温泉（ぬくい）,1.6376291463772454
稲荷山温泉（いなりやま）,1.6367971613293602
東尋坊温泉（とうじんぼう）,1.6357583392943655
竹野浜海岸(奥城崎温泉)（たけのはま（おくきのさき））,1.6349283871906144
馬瀬川温泉（まぜがわ）,1.6338890468080838
鉛温泉（なまり）,1.6338698966872125
あじ温泉（あじ）,1.6331315583416395
白浜女来島温泉（しらはまめらいじま）,1.6320976444653104
山代温泉（加賀温泉郷）（やましろ（かが））,1.6307965588001978
佐津温泉（さづ）,1.6299781164243108
雄踏温泉（ゆうとう）,1.6297664521705537
小室温泉（こむろ）,1.6290913316465558
八幡温泉（やはた）,1.6267756085310663
大沢温泉（兵庫県）（おおぞう）,1.6255423735295023
川古温泉（かわふる）,1.6247756981423924
淡路島・洲本温泉（あわじしま・すもと）,1.6242736084830192
鈴ヶ谷温泉（すずがたに）,1.6220394262955302
笹谷温泉（ささや）,1.6215970849707013
信州まつかわ温泉（しんしゅうまつかわ）,1.6212709922166098
乗鞍高原温泉（のりくらこうげん）,1.6210253228034293
白馬姫川温泉（はくばひめかわ）,1.6204561626627332
東神楽温泉（ひがしかぐら）,1.6202427524895895
奥山温泉（おくやま）,1.6191051403681438
芦安温泉（あしやす）,1.6171224947486604
湯西川温泉（ゆにしがわ）,1.6171184909485636
瀬波温泉（せなみ）,1.6171136562313353
きのえ温泉（きのえ）,1.6169261155383927
福光アローザ温泉（ふくみつあろーざ）,1.6140806167608215
檜枝岐温泉（ひのえまた）,1.6117575597904978
八面山金色温泉（はちめんざんかないろ）,1.6115922906569071
綾部・福知山温泉（あやべふくちやま）,1.611029562141214
椿温泉（南紀椿温泉）（なんきつばき）,1.6093691392313867
三保はごろも温泉（みほはごろも）,1.6087308724721272
大佐渡温泉（おおさど）,1.6081911846995354
八幡ひまわり温泉（やはたひまわり）,1.6068717255478813
十和田湖西湖畔温泉（とわだこにしこはん）,1.6068099343350957
二塚温泉（につか）,1.6064851500448727
垂玉温泉（たるたま）,1.6061381949555305
塩ノ沢温泉（しおのさわ）,1.6061193861422085
札幌大通温泉（さっぽろおおどおり）,1.6053074814734005
鳥取温泉（とっとり）,1.6048284910974049
庄原さくら温泉（しょうばらさくら）,1.6036156224352973
地獄谷温泉（熊本県）（じごくだに）,1.6025572837818236
秋田温泉（あきた）,1.600001221788781
湯の花沢温泉（ゆのはなざわ）,1.5995643131789707
南霧島隼人温泉（みなみきりしまはやと）,1.5992017384795916
尾瀬・土出温泉（おぜ・つちで）,1.5984479706911814
山田温泉（やまだ）,1.5962219898189818
女鹿平温泉（めがひら）,1.594791454218683
麒麟山温泉（きりんざん）,1.5944377627401125
出雲湯村温泉（いずもゆむら）,1.5937726096737952
早太郎温泉（はやたろう）,1.592101161678632
男鹿温泉（おが）,1.5918526152769725
伊勢志摩賢島温泉（いせしまかしこじま）,1.587338853095259
丸尾温泉（まるお）,1.587300829589367
三浦マホロバ温泉（みうらまほろば）,1.5866712494975044
函館温泉（はこだて）,1.585569709184624
南田温泉（みなみだ）,1.58523954557521
奥日光湯元温泉（おくにっこうゆもと）,1.5851238281244324
萩阿武川温泉（はぎあぶがわ）,1.5833790947993596
松泉宮温泉（しょうせんきゅう）,1.5831693630842936
生竜温泉（いきりゅう）,1.5820265571985925
瓜島温泉（うりじま）,1.5814906816397394
猪苗代四季の湯温泉（いなわしろしきのゆ）,1.5799388793252764
くらま温泉（くらま）,1.5793842605891681
益子温泉（ましこ）,1.5791283427249818
温根湯温泉（おんねゆ）,1.578216200783139
久美浜温泉（くみはま）,1.5781005596121152
湯ノ小屋温泉（水上温泉郷）（ゆのこや（みなかみ））,1.5777211047354198
五浦温泉（いつうら）,1.5763881923187348
さとわき湧玉の湯（さとわきわくたまのゆ）,1.5762876683757419
湯ノ花温泉（ゆのはな）,1.576019657864457
秩父・四季彩乃湯温泉（ちちぶ・しきさいのゆ）,1.5758676575053308
気仙沼温泉（けせんぬま）,1.5756839588284492
はげの湯温泉（はげのゆ）,1.5754390454718044
二見温泉（ふたみ）,1.5752148294732684
吉尾温泉（よしお）,1.575170103637945
畔地温泉（あぜち）,1.5751289324391455
輪島温泉（わじま）,1.5750954048264596
ニセコ湯本温泉（にせこゆもと）,1.5747120834532238
雲仙温泉（うんぜん）,1.574301084592229
戸倉上山田温泉（とぐらかみやまだ）,1.574195266124748
タングラム斑尾温泉（たんぐらむまだらお）,1.5731688226972307
蛸川温泉（たこがわ）,1.5729810560033435
湯らゆら温泉郷（ゆらゆら）,1.5725660991101038
照島温泉（てるしま）,1.5721527107414746
長者原温泉（ちょうじゃばる）,1.5709328364048685
妙高高原燕温泉（みょうこうこうげんつばめ）,1.5705006363846006
月形温泉（つきがた）,1.5692763867832364
久美の浜温泉郷（くみのはま）,1.5682753363535518
奥津温泉（おくつ）,1.5675014374511582
りんりんパークー温泉（りんりんぱーくー）,1.5673514893721967
長生温泉（ちょうせい）,1.566920486589273
榛名湖温泉（はるなこ）,1.5660473867541267
大町温泉郷（おおまち）,1.5648991327200616
浜坂温泉郷（はまさか）,1.5636938835183778
滝の上温泉（たきのうえ）,1.5632611410248847
鳥海温泉（ちょうかい）,1.5613258853554726
伊勢志摩磯部わたかの温泉（いせしまいそべわたかの）,1.5613177383229846
萩温泉郷（はぎ）,1.5611613726332074
夕日ヶ浦温泉（ゆうひがうら）,1.5610784224811054
天草パール温泉（あまくさぱーる）,1.560174641509851
キロロ温泉（きろろ）,1.5601269911442484
湯元新祖谷温泉（ゆもといんいや）,1.5599760796342577
川場温泉（かわば）,1.5566231203930718
河口湖温泉（かわぐちこ）,1.5562021189502306
湯の児温泉（ゆのこ）,1.5559739310826575
一勝地温泉（いっちょうち）,1.5540557205677032
佐里温泉（さり）,1.553332354696024
一里野温泉（いちりの）,1.5515265915365446
湯村温泉（ゆむら）,1.5505276010150002
たまゆら温泉（たまゆら）,1.5504030297909464
倉真温泉（くらみ）,1.5483389354887462
美又温泉（みまた）,1.5482635388062114
嵐山温泉（あらしやま）,1.547543971666268
松之山温泉（まつのやま）,1.5471729029502188
北八ヶ岳松原湖温泉（きたやつがたけまつばらこ）,1.545176977912585
大歩危温泉（おおぼけ）,1.5450570441427685
磐梯宝温泉（ばんだいたから）,1.54465432819866
浅間隠温泉郷（あさまかくし）,1.5441877260094596
龍温泉（りゅう）,1.5441175603440829
蒲郡温泉（がまごおり）,1.543383514242513
山の神温泉（やまのかみ）,1.5419163015626725
姫木温泉（ひめき）,1.5418621035558837
八雲温泉（やくも）,1.540009855514481
やぶ温泉（やぶ）,1.5393249158348357
当間高原温泉（あてまこうげん）,1.536164956078643
堂ヶ島温泉（どうがしま）,1.5361569694110324
西木温泉（にしき）,1.5348289814733325
日出温泉（ひじ）,1.5347013281924384
赤湯温泉（あかゆ）,1.5346728311408133
広沢寺温泉（こうたくじ）,1.5337895722616286
守護陣温泉（しゅごじん）,1.5327188670635223
南小国温泉郷（みなみおぐに）,1.5326591921704156
川口温泉（かわぐち）,1.532316124155408
作州武蔵温泉（さくしゅうむさし）,1.530771391022773
南紀勝浦温泉（なんきかつうら）,1.5305637266664278
梨木温泉（なしぎ）,1.5304381709013666
大川温泉（おおかわ）,1.5299746500594276
山中湖温泉（やまなかこ）,1.5296299063733645
神の宮温泉（かみのみや）,1.5296219491532872
鷹巣温泉（たかす）,1.5292518298540796
岩室温泉（いわむろ）,1.5288136129577954
神室温泉（かむろ）,1.527732032040755
松任海浜温泉（まっとうかいひん）,1.527614563703537
湯瀬温泉（ゆぜ）,1.5269526952788943
阿寒湖温泉（あかんこ）,1.5266405031794594
川内市街地温泉（せんだいしがいち）,1.5263437355558078
奥道後温泉（おくどうご）,1.5258466306896437
紀州温泉（きしゅう）,1.5253315954690887
宮津羽衣温泉（宮津の湯らゆら）（みやづはごろも）,1.5253231929881232
南阿蘇俵山温泉（阿蘇温泉郷）（みなみあそたわらやま（あそ））,1.5253011648144041
離湖弁天温泉（はなれこべんてん）,1.5252977428691727
奥平温泉（おくだいら）,1.5242229721375873
横川温泉（よこかわ）,1.5222464157711892
奥橋立伊根温泉（おくはしだていね）,1.5219245279828708
産山温泉（うぶやま）,1.5219176773514067
津南温泉（つなん）,1.521616624579543
舞子温泉（まいこ）,1.5213974025987445
今板温泉（五頭温泉郷）（いまいた（ごず））,1.5210681930184364
湯来温泉（ゆき）,1.5201520224412282
磐梯熱海温泉（ばんだいあたみ）,1.5201178771399317
蔵王温泉（ざおう）,1.5197604993979135
川治温泉（かわじ）,1.516016746915522
三崎温泉（みさき）,1.5159339908333052
永岡温泉（ながおか）,1.5149775420626004
あづまね温泉（あづまね）,1.5144549595812957
熱塩温泉（あつしお）,1.514277530213197
木津温泉（きつ）,1.5141717766722045
定山渓温泉（じょうざんけい）,1.5140158910126913
雄阿寒温泉（おあかん）,1.513700334089143
丹後はなれ湖温泉（たんごはなれこ）,1.51361233741045
和倉温泉（わくら）,1.5131472537205333
古湯温泉（ふるゆ）,1.5130625803555762
わいた温泉郷（わいた）,1.513042777067139
三瓶温泉（さんべ）,1.513028265110084
口之津温泉（くちのつ）,1.5125659576484136
湯野上温泉（ゆのかみ）,1.5116635316184588
湯の元温泉（ゆのもと）,1.5094358662054652
底倉温泉（そこくら）,1.50920134889228
虎杖浜温泉郷（こじょうはま）,1.5086934509731473
南房総岩井温泉（みなみぼうそういわい）,1.5086222613851228
湯端温泉（ゆばた）,1.508524815951075
玖珠温泉（くす）,1.5074025066125962
谷川温泉（水上温泉郷）（たにがわ（みなかみ））,1.5069458931684494
玉名温泉（たまな）,1.5067836848043261
いわき塩屋崎温泉（いわきしおやざき）,1.5063505985197567
掛川つま恋温泉（かけがわつまごい）,1.5056469797023706
みちのく城址温泉（みちのくじょうし）,1.5053222175864946
西大沼温泉（にしおおぬま）,1.5052894463851338
南幌温泉（なんぽろ）,1.5051536003038997
岩下温泉（いわした）,1.504714385384605
奥矢作峡笹戸温泉（おくやはぎきょうささと）,1.504339880886532
能代温泉（のしろ）,1.504301787487098
奥塩原新湯温泉（おくしおばらあらゆ）,1.5042561278456734
こんぴら温泉郷（こんぴら）,1.5037223437712306
斐乃上温泉（ひのがみ）,1.5007658983979906
枝幸温泉（えさし）,1.5002552022536595
新十津川温泉（しんとつかわ）,1.4998546370438166
平潟港温泉（ひらがた）,1.4997501504563149
山梨万葉温泉（やまなしまんよう）,1.4995917096024467
小鹿野温泉（おがの）,1.4995756929829007
内海温泉（うつみ）,1.4978432917878741
湯ヶ野温泉（ゆがの）,1.4974495871436029
伊豆高原温泉（いずこうげん）,1.4970924354025297
犬山温泉（いぬやま）,1.4955554803212485
神野温泉（久美の浜温泉郷）（じんの（くみのはま））,1.4954349434091931
月岡温泉（つきおか）,1.4953781433758282
八幡平温泉郷（はちまんたい）,1.4948317761577312
秋月温泉（あきづき）,1.4944794174461138
川底温泉（かわぞこ）,1.4938776237624032
久美浜温泉（久美の浜温泉郷）（くみのはま（くみのはま））,1.492508885051523
瀬戸大橋温泉（せとおおはし）,1.4920830123481297
湯ノ浦温泉（ゆのうら）,1.4920301213860512
竹倉温泉（たけくら）,1.4915553852915764
箱根湯本温泉（はこねゆもと）,1.4914925694465637
浜脇温泉（はまわき）,1.4911142186749549
和歌の浦温泉（わかのうら）,1.4907807253655934
銀山温泉（ぎんざん）,1.4905952307439985
赤谷温泉（あかや）,1.489892867349443
網代温泉（あじろ）,1.4894160638962473
敷島温泉（しきしま）,1.4892066213346662
海若温泉（わたつみ）,1.4890986790969258
奥利根温泉（水上温泉郷）（おくとね（みなかみ））,1.4877899810671806
十勝岳温泉（とかちだけ）,1.4868328450691133
黒石温泉郷（くろいし）,1.4861665602241243
南木曽温泉（なぎそ）,1.4843123633237112
あしずり温泉郷（あしずり）,1.483949611939135
小天温泉（おあま）,1.4838957814943223
高瀬温泉（たかせ）,1.483464129269123
筑波山温泉（つくばさん）,1.4832445603041422
粟津温泉（あわづ）,1.4821034460550262
城崎円山川ひだまり温泉（きのさきまるやまがわひだまり）,1.4818859299023948
大仁温泉（おおひと）,1.481732775058065
熱川温泉（あたがわ）,1.4815802826058297
阿蘇温泉（あそ）,1.481539381756669
芦野温泉（あしの）,1.4813462187136923
浅間温泉（あさま）,1.4805687428230332
山中温泉（加賀温泉郷）（やまなか（かが））,1.4802046024373599
湯郷温泉（ゆのごう）,1.4798173138073514
板留温泉（いたどめ）,1.4784414480839456
馬場の湯温泉（ばばのゆ）,1.4780970254824275
岳温泉（だけ）,1.4770558770923388
稲取温泉（いなとり）,1.4768815320872126
野栗沢温泉（のぐりさわ）,1.475250016720522
伊豆片瀬温泉（いずかたせ）,1.475213970811594
白丹温泉（しらに）,1.4751892065008483
天龍峡温泉（てんりゅうきょう）,1.4746900165364856
蓼科温泉（たてしな）,1.4746716811898208
奥只見折立温泉（おくただみおりたて）,1.4736180309028852
三川温泉（みかわ）,1.4732026982875097
宮沢温泉（みやざわ）,1.4727325350755738
妙高温泉（みょうこう）,1.4725887051650455
河口湖温泉郷（かわぐちこ）,1.4722545242735317
丹後温泉（たんご）,1.4719786182755517
市比野温泉（いちひの）,1.4717442765831947
稲佐山温泉（いなさやま）,1.4714301955841835
千倉海岸温泉（ちくらかいがん）,1.4712895538125719
竜門温泉（りゅうもん）,1.4710493467393375
岩屋温泉（いわや）,1.4707899835138094
佐渡島椎崎温泉（さどがしましいざき）,1.4706988813621658
鰻温泉（うなぎ）,1.4700911924952553
筑波温泉（つくば）,1.4699300027319364
御湯船温泉（おゆぶね）,1.4689457349124408
すさみ温泉（すさみ）,1.4689087842901547
橘の郷上野温泉（たちばなのさとうえの）,1.4685008472629955
作並温泉（さくなみ）,1.4683851365532194
西丹沢・中川温泉（にしたんざわ・なかがわ）,1.4676560699230148
天目山温泉（てんもくざん）,1.4661748160918553
沓野温泉（くつの）,1.4654936943025816
神代温泉（じんだい）,1.4654815594355264
浮島温泉（ふとう）,1.4654160500282334
和銅鉱泉（わどうこうせん）,1.4649695761147
波賀温泉（はが）,1.4649597099494365
井頭温泉（いがしら）,1.4648266250178927
奥嬬恋温泉（おくつまごい）,1.4647208567531336
岩手山焼走り温泉（いわてさんやけはしり）,1.4640987533189
星川温泉（ほしかわ）,1.4639851458015896
大島鉱泉温泉（おしまこうせん）,1.463915011712483
禰宜ノ畑温泉（ねぎのはた）,1.4638095306498664
有福温泉（ありふく）,1.463752063612143
法泉寺温泉（ほうせんじ）,1.463338774939378
旭岳温泉（あさひだけ）,1.4625365287065506
野沢温泉（のざわ）,1.4623569136574155
寒水沢温泉（かんすいざわ）,1.4619215294009162
長浜太閤温泉（ながはまたいこう）,1.4604653382585162
寄居山温泉（よりいやま）,1.46037046646788
みはらし温泉（みはらし）,1.4600095113828069
夏油温泉（げとう）,1.4596195781514758
つなぎ温泉（つなぎ）,1.459558748773166
木戸池温泉（きどいけ）,1.458881978122961
稲子川温泉（いなごかわ）,1.458590023574375
青根温泉（あおね）,1.4580573556678635
板室温泉（いたむろ）,1.4580167766128267
那須温泉（なす）,1.4579824390155929
塩山温泉（えんざん）,1.4577021644938561
大子温泉（だいご）,1.4576820653109324
片品温泉（かたしな）,1.457540705445267
河津浜温泉（かわづはま）,1.4574455452107247
吉田温泉（鹿児島県）（よしだ）,1.4573559297160024
猿ヶ京温泉（さるがきょう）,1.4565994393612658
湯泉地温泉（とうせんじ）,1.4559160215514046
富良野温泉（ふらの）,1.455754903100786
三翠園温泉（さんすいえん）,1.4557463743147396
芦ノ牧温泉（あしのまき）,1.4545003184605212
周防大島片添ヶ浜温泉（すおうおおしまかたそいがはま）,1.4534898371923537
西合志温泉（にしごうし）,1.4529839722173554
白浜野嶋温泉（しらはまのじま）,1.4529217847046398
猪苗代温泉（いなわしろ）,1.452604965794654
広田温泉（ひろた）,1.4521871645535742
湯田温泉（ゆだ）,1.4518433007456006
薬王寺温泉（やくおうじ）,1.4518006206268357
穴原温泉（あなばら）,1.4516790942067193
小布施温泉（おぶせ）,1.4513590094589053
越中つるぎ温泉（えっちゅうつるぎ）,1.4511320637095542
温泉センター諏訪の湯（せんたーすわのゆ）,1.45045973750807
あまるべ温泉(香住)（あまるべ（かすみ））,1.4500814745468753
老神温泉（おいがみ）,1.4498368654222715
岩井湯元温泉（いわいゆもと）,1.4493208123104913
赤川温泉（あかがわ）,1.4486365673087893
あつぎ飯山温泉（あつぎいいやま）,1.448548756185032
下田蓮台寺温泉（しもだれんだいじ）,1.448306058489141
大湯温泉（おおゆ）,1.4481172075583821
ねぶた温泉（ねぶた）,1.4477965157656443
瀬美温泉（せみ）,1.447594783135823
天橋立・成相観音温泉（あまのはしだて・なりあいかんのん）,1.4474996363832837
湯田中温泉（ゆだなか）,1.4466961072314353
一の俣温泉（いちのまた）,1.4465911629654111
川浦温泉（かわうら）,1.4458874680456661
湯原温泉（ゆばら）,1.4456637214337076
湯之元温泉（ゆのもと）,1.4455554009903047
北温泉（きた）,1.4448426887392998
蓼科三室温泉（たてしなみむろ）,1.444476079018343
塔ノ沢温泉（とうのさわ）,1.443124806951909
ひよし温泉（ひよし）,1.4430647903964633
寺泊岬温泉（てらどまりみさき）,1.4424298771080517
三津浜・湯の花温泉（みとはま・ゆのはな）,1.4420643289174353
稲垣温泉（いながき）,1.4416752723710877
酸ヶ湯温泉（すかゆ）,1.4412572021995271
夢絃峡温泉（むげんきょう）,1.4409788048693113
三谷温泉（みや）,1.440954981105668
猿川温泉（さるかわ）,1.4407515366162573
犬吠埼温泉（いぬぼうさき）,1.440581300783725
小天橋温泉（しょうてんきょう）,1.4402567389465513
花巻南温泉峡渡り温泉（はなまきみなみきょうわたり）,1.4393712399261338
下部温泉（しもべ）,1.439219054366861
屈斜路温泉（くっしゃろ）,1.4389936480493772
別所温泉（べっしょ）,1.438209014989081
鞆の浦温泉（とものうら）,1.4379632806494123
猿投温泉（さなげ）,1.4374962520031702
角神温泉（つのがみ）,1.4374755727393287
嵐山嵯峨野温泉（あらしやまさがの）,1.4374746435454913
金矢温泉（かなや）,1.4374091980003176
下風呂温泉郷（しもふろ）,1.4371890106371472
串本温泉（くしもと）,1.4364972547406243
湯ノ釣温泉（ゆのつる）,1.435753274176802
畑毛温泉（はたけ）,1.4356915475357148
鹿教湯温泉（かけゆ）,1.4352789829884256
湯野浜温泉（ゆのはま）,1.4351000445229667
湯川温泉（ゆがわ）,1.4325852358625049
ニセコ湯の里温泉（にせこゆのさと）,1.4325433522462845
妙高高原池の平温泉（みょうこうこうげんいけのたいら）,1.4325206524559428
田の原温泉（たのはら）,1.4317049767289842
野迫川温泉（のせがわ）,1.430560666535582
下呂温泉（げろ）,1.4298415400442623
上畑温泉（かみはた）,1.4294923033033098
白沢高原温泉（しらさわこうげん）,1.4293304021869386
入来温泉（いりき）,1.4292423341955458
小浜温泉（おばま）,1.4291013344412757
高山龍神温泉（たかやまりゅうじん）,1.4289642937836193
宮浜温泉（みやはま）,1.4286309892222995
大洗温泉（おおあらい）,1.428485094081788
鹿野温泉（しかの）,1.4281995669007301
山鹿温泉（やまが）,1.428108322478476
天城船原温泉（あまぎふなばら）,1.428099744376682
寸又峡温泉（すまたきょう）,1.428034928937753
浜の湯温泉（はまのゆ）,1.4277568697219802
山川温泉（やまかわ）,1.4274157952694666
松島温泉（まつしま）,1.4268368049746467
湯山温泉（ゆやま）,1.4263594242788498
妖精の泉温泉（ようせいのいずみ）,1.4261850998515175
聖籠温泉（せいろう）,1.425989830422969
神戸ハーバーランド温泉（こうべはーばーらんど）,1.4257040045091083
松江しんじ湖温泉（まつえしんじこ）,1.4252398301448141
皆生温泉（かいけ）,1.425113968551159
宇奈月温泉（うなづき）,1.4246279018975438
ほったらかし温泉（ほったらかし）,1.4238366981347401
星野温泉（ほしの）,1.4237322275127684
平磯温泉（ひらいそ）,1.4231704732491857
猫魔温泉（ねこま）,1.4229657880607105
城崎温泉（きのさき）,1.422459085782369
地獄温泉（じごく）,1.422392069229058
嵐山渓谷温泉（らんざんけいこく）,1.4223834744521549
菊池温泉（きくち）,1.4222998771639097
深沢温泉（山梨県）（ふかさわ）,1.4222386663868314
信州よませ温泉（しんしゅうよませ）,1.4219457814026446
浮山温泉（うきやま）,1.4217305208245912
いわない温泉（いわない）,1.4215730897017886
硫黄谷温泉（いおうだに）,1.421320491248653
高倉山温泉（たかくらやま）,1.4213069209030698
道志の湯温泉（どうしのゆ）,1.4211801982351713
小樽運河の湯（おたるうんがのゆ）,1.4209881400068602
天童温泉（てんどう）,1.420773116960412
一本松温泉（いっぽんまつ）,1.4201353972866422
馬門温泉（まかど）,1.4197130263561295
上諏訪温泉（諏訪湖温泉郷）（かみすわ（すわこ））,1.419409660711175
高湯温泉（たかゆ）,1.4192054587460698
春日居温泉（かすがい）,1.4190933746950967
伊豆白浜温泉（いずしらはま）,1.4189610816538334
十谷温泉（じっこく）,1.418636836466335
法能温泉（ほうのう）,1.4185809886881282
川中温泉（かわなか）,1.4184932261705399
南阿蘇栃木温泉（みなみあそとちのき）,1.4181108879191535
梅ヶ島温泉（うめがしま）,1.4173710981295222
六ケ迫鉱泉（鷺ヶ迫温泉）（ろっかさここうせん）,1.4173515524183
日奈久温泉（ひなぐ）,1.4170448254971277
川上峡温泉（かわかみきょう）,1.416985690948509
嵯峨塩鉱泉（さがしお）,1.4168973558005833
湯の谷温泉（ゆのたに）,1.4162431398317927
みやばる温泉（みやばる）,1.4160221758342924
沼津温泉（ぬまづ）,1.4158382916024754
西浦温泉（にしうら）,1.414999277463981
苗場三国峠温泉（なえばみくにとうげ）,1.4147373459168842
小砂温泉（こいさご）,1.4145840654770532
尾之間温泉（おのあいだ）,1.4143096424994015
川根温泉（かわね）,1.413731068727516
大室温泉（おおむろ）,1.4136207160495577
壮瞥温泉（そうべつ）,1.413582020927043
網張温泉（あみはり）,1.413349042336146
四万温泉（しま）,1.4131438753434589
さくらんぼ東根温泉（さくらんぼひがしね）,1.4128127172589302
下諏訪温泉諏訪湖温泉郷（しもすわ（すわこ））,1.4122401344634237
白馬八方温泉（はくばはっぽう）,1.412177403413114
落合温泉（おちあい）,1.4121695462436903
安比温泉（あっぴ）,1.411938810100158
湯沢温泉（ゆざわ）,1.4116157353633927
東トロコ温泉（ひがしとろこ）,1.411364222921076
鶴居温泉（つるい）,1.4112099845494543
水上温泉（みなかみ）,1.4102841001890953
奈良田の里温泉（ならたのさと）,1.409315298355761
"温海温泉,あつみ温泉（あつみ）",1.4089631661772728
奥蓼科温泉郷（おくたてしな）,1.4086832042251314
赤水温泉（あかみず）,1.408673651871227
梅木温泉（うめき）,1.4083916381711052
鶴巻温泉（つるまき）,1.4081693121365138
塩江温泉（しおのえ）,1.408075875114827
西谷温泉（にしたに）,1.4074869879654475
穂高温泉郷（ほだか）,1.4068216606974602
玉川温泉（たまがわ）,1.4066306781910716
鳩の湯温泉（はとのゆ）,1.4054914521319526
柳川温泉（やながわ）,1.4053468771633648
上九の湯（かみくのゆ）,1.404881735642751
天草弓ヶ浜温泉（あまくさゆみがはま）,1.404411719668479
富良野島の下温泉（ふらのしまのした）,1.4041609224819003
深耶馬温泉（しんやば）,1.4040641334085238
赤沢温泉（あかざわ）,1.4038154078381402
楠川温泉（くすがわ）,1.4037777951785495
十和田大湯温泉（とわだおおゆ）,1.4035913933600699
榊原温泉（さかきばら）,1.4034790687617802
後生掛温泉（ごしょうがけ）,1.4031206394235294
屋久島温泉（やくしま）,1.403115923560801
しあわせ温泉（しあわせ）,1.4027600898629142
波賀東山温泉（はがひがしやま）,1.4026823746306556
久米川温泉（くめがわ）,1.4022998061208498
吉奈温泉（よしな）,1.4022971884835334
大鰐温泉（おおわに）,1.4018994782652174
剣淵温泉（けんぶち）,1.4014292401926858
小野上温泉（おのがみ）,1.4009171075054576
下賀茂温泉（しもかも）,1.4008134081959724
小田温泉（おだ）,1.4002493882463092
五色温泉（北海道）（ごしき）,1.400124455136912
会津高原温泉（あいづこうげん）,1.3999336400911921
秋の宮温泉郷（あきのみや）,1.399866866923514
天城湯ヶ島温泉（あまぎゆがしま）,1.3997860557976223
玉造温泉（たまつくり）,1.399000224613008
二日市温泉（ふつかいち）,1.3987452955473036
花咲温泉（はなさく）,1.3986922353506088
鎌先温泉（かまさき）,1.3983354451400893
あしがらの温泉（あしがらの）,1.396802809266817
衣笠温泉（きぬがさ）,1.3962754649775369
西海橋温泉（さいかいばし）,1.395517650459494
油山温泉（ゆやま）,1.3955155710379283
清里温泉（きよさと）,1.39542555809021
霧島神宮温泉（きりしまじんぐう）,1.3941283222465288
十和田ポニー温泉（とわだぽにー）,1.3932320145624024
久美浜シーサイド温泉（くみはましーさいど）,1.3929938524961472
大磯温泉（おおいそ）,1.3929561351736386
びわ湖おごと温泉（びわこおごと）,1.3917039838575183
秋保温泉（あきう）,1.3916819397182691
泉（伊豆湯河原）温泉（いずみ（いずゆがわら））,1.3910602600801558
りょうぜん新温泉（りょうぜんしん）,1.3910478403170905
鹿児島温泉（かごしま）,1.3908392187385332
殿湯温泉（とのゆ）,1.3907058231887364
片山津温泉（加賀温泉郷）（かたやまづ（かが））,1.3906468163643564
摩周温泉（ましゅう）,1.3905265065176147
小野川温泉（おのがわ）,1.3900815631662096
志摩ともやま温泉（しまともやま）,1.389425627887249
嬬恋バラギ温泉（つまごいばらぎ）,1.3883250082532563
層雲峡温泉（そううんきょう）,1.3882814386770839
美留和温泉（びるわ）,1.3882114500516938
養老牛温泉（ようろううし）,1.3877899238751048
カルルス温泉（かるるす）,1.3876599296927452
新安比温泉（しんあっぴ）,1.3871633023733185
荒尾温泉（あらお）,1.386853198565188
麻生釣温泉（阿蘇鶴温泉）（あそづる）,1.3866167998030072
白子温泉（しらこ）,1.386513692282495
松代温泉（まつしろ）,1.386331432986827
越後湯沢温泉（えちごゆざわ）,1.3860426307434128
みくりが池温泉（みくりがいけ）,1.3853416095177333
中里温泉（なかさと）,1.385118121192569
浜名湖かんざんじ（舘山寺）温泉（はまなこかんざんじ）,1.3846604600548744
あわら温泉（芦原温泉）（あわら）,1.383777661337739
岩手湯本温泉（いわてゆもと）,1.3837305546871255
白浜温泉（しらはま）,1.3836747053123655
塩川鉱泉（しおかわこうせん）,1.3833046912082605
大塚温泉（おおつか）,1.3831964777339072
東大沼温泉（ひがしおおぬま）,1.3827066510206176
吹上温泉（鹿児島県）（ふきあげ）,1.3823298560011954
嵯峨沢温泉（さがさわ）,1.3820879047825223
辰口温泉（たつのくち）,1.381567148225648
雲母温泉（きら）,1.3807383279005687
たんげ温泉（たんげ）,1.380715926133451
水分温泉（みずわき）,1.3804409766481036
佐野川温泉（さのがわ）,1.3803874027161371
山川天然砂むし温泉（やまがわてんねんすなむし）,1.3803771166574388
河内温泉（かわち）,1.3801211572828747
はやぶさ温泉（はやぶさ）,1.3798839407307761
塩原温泉（しおばら）,1.379481272683257
駒の湯温泉（静岡県）（こまのゆ）,1.3794394912464278
形原温泉（かたはら）,1.379223196989014
かみのやま温泉（かみのやま）,1.3789558868323053
錦帯橋温泉（きんたいきょう）,1.3785080006789594
湯檜曽温泉（水上温泉郷）（ゆびそ（みなかみ））,1.3783866465091705
由布院温泉（湯布院）（ゆふいん）,1.3781519365452586
伊豆長岡温泉（いずながおか）,1.3780810825881504
南伊豆・吉佐美温泉（みなみいず・きさみ）,1.3778803093092782
原保温泉（わらぼ）,1.377749384513923
高山温泉（たかやま）,1.3776392596108573
宝塚温泉（たからづか）,1.3773454349665415
城南温泉（じょうなん）,1.3771473896645365
鵜の浜温泉（うのはま）,1.3770751722511791
おのがみ温泉（おのがみ）,1.3768470117024012
土肥温泉（とい）,1.3765691568454106
韮山温泉（にらやま）,1.3756223239359402
桜川温泉（さくらがわ）,1.3753496113987196
仙石原姥子温泉（せんごくはらうばこ）,1.3747105538135482
裾花温泉（すそばな）,1.3747072709458215
まにわ温泉（まにわ）,1.3745812245068096
長良川温泉（ながらがわ）,1.3743137564687502
はぎ温泉（はぎ）,1.374209127610638
宇久須温泉（うぐす）,1.3739337296712966
青木鉱泉（あおきこうせん）,1.3727501978476842
入広瀬ニュー浅草岳温泉（いりひろせにゅーあさくさだけ）,1.372703659747328
苫田温泉（とまだ）,1.3726746819558597
別所温泉（神奈川県）（べっしょ）,1.3723570149214495
志摩磯部ひまわりの湯（しまいそべひまわりのゆ）,1.372133133666856
七城温泉（しちじょう）,1.3720483066780227
新湯田中温泉（しんゆだなか）,1.3718988937991006
柿野温泉（かきの）,1.3717147945648147
鹿部温泉（しかべ）,1.3710581067772138
鬼首温泉（鳴子温泉郷）（おにこうべ（なるこ））,1.3704968715707462
石和温泉（いさわ）,1.3701220665659224
植木温泉（うえき）,1.3699570074677467
べふ峡温泉（べふきょう）,1.3698377730768352
網走湖畔温泉（あばしりこはん）,1.3697816342824982
白川温泉（しらかわ）,1.3683334631579263
母畑温泉（ぼばた）,1.3678562573733783
千倉元湯温泉（ちくらゆもと）,1.3678252111588205
陣場ノ湯温泉（じんばのゆ）,1.3671969753645716
鰺ヶ沢温泉（あじがさわ）,1.366841492553552
湯免温泉（ゆめん）,1.366832359915688
天然中伊豆温泉（てんねんなかいず）,1.365596079755397
北白川天然ラジウム温泉（きたしらかわてんねんらじうむ）,1.3652718155866577
瀬見温泉（せみ）,1.3646731412126905
空庭温泉（そらにわ）,1.3643767659862835
筋湯温泉（すじゆ）,1.3642569890334493
野々湯温泉（ののゆ）,1.3632605618664195
箱根峠温泉（はこねとうげ）,1.3631168618088676
宝泉寺温泉（ほうせんじ）,1.3623280741629147
守実温泉（もりざね）,1.361923874134109
盃温泉郷（さかずき）,1.3616430684924126
桃の木温泉（もものき）,1.361572038914476
馬頭温泉（ばとう）,1.3614198820931571
早雲山温泉（そううんざん）,1.3612311347609474
草津温泉（くさつ）,1.3611283156843412
ススキノ温泉（すすきの）,1.3609728305822326
金桁温泉（かなけた）,1.3608397476020313
標津川温泉（しべつがわ）,1.3607148173309507
泉崎さつき温泉（いずみざきさつき）,1.360580020007633
川尻温泉（かわりし）,1.3591786069529397
天草苓北町麟泉の湯（あまくされいほくまちりんせんのゆ）,1.3585515377067385
長門湯本温泉（ながとゆもと）,1.3579765980442364
真木温泉（まぎ）,1.3576711366573968
滑川温泉（なめかわ）,1.357657208683945
南さつま・知覧温泉（みなみさつま・ちらん）,1.3575538889992804
南知多温泉郷（みなみちた）,1.3570289615364302
吾妻峡温泉（あがつまきょう）,1.3564741817258654
まほらの湯（まほらのゆ）,1.3560805831636702
月ヶ瀬温泉（つきがせ）,1.3558444043710118
宮之城温泉（みやのじょう）,1.3548882633802437
生地温泉（いくじ）,1.3541700627122606
内船温泉（うちぶな）,1.3540802257401603
阿蘇火の山温泉（あそひのやま）,1.3539893786822046
鞍馬温泉（くらま）,1.3536105432680674
霧積温泉（きりづみ）,1.352799005806446
鴻の鶴温泉（丹後町間人温泉郷）（こうのつる（たんごちょうたいざ））,1.35259833080428
箱根大平台温泉（はこねおおひらだい）,1.3525064066052437
猫啼温泉（ねこなき）,1.3518468180582637
渋温泉（しぶ）,1.3517479790108544
野地温泉（のぢ）,1.3516863141031492
笹原温泉（河津）（ささはら（かわづ））,1.3512726468699319
吉良温泉（きら）,1.3509766473656608
小涌谷温泉（こわきだに）,1.3507260893072401
多摩源流小菅の湯（たまげんりゅうこすげのゆ）,1.3506988258588881
湯の峰温泉（ゆのみね）,1.3506636186724617
温泉津温泉（ゆのつ）,1.3496877760404633
藪の湯温泉（やぶのゆ）,1.349023761493819
渡瀬温泉（わたぜ）,1.3484353930467652
桜島マグマ温泉（さくらじままぐま）,1.3483011868028414
小原温泉（おばら）,1.3477751477843238
湯河原温泉（ゆがわら）,1.347692799000513
大深温泉（おおぶか）,1.3474889936901273
熊の湯硯川温泉（くまのゆすずりかわ）,1.347373478114605
湯涌温泉（ゆわく）,1.3473615319955916
南熱海（伊豆多賀）温泉（みなみあたみ（いずたが））,1.3472200465344248
湯島温泉（ゆしま）,1.3471342885778064
大胡温泉（おおご）,1.3469433323258446
鳴沢村天然温泉（なるさわむらてんねん）,1.3466961958578656
西会津温泉（にしあいづ）,1.3462115008206594
銭川温泉（ぜにかわ）,1.3460885923178423
赤穂温泉（あこう）,1.3449581556376957
浜平温泉（はまびら）,1.3441445174671354
房総白浜温泉（ぼうそうしらはま）,1.3441378711944534
神戸須磨温泉（こうべすま）,1.3432309379180274
美ヶ原温泉（うつくしがはら）,1.3428624123334885
箱根強羅温泉（はこねごうら）,1.3425349901829446
島原温泉（しまばら）,1.3415593717779433
応徳温泉（おうとく）,1.3406145537183398
石部温泉（いしぶ）,1.3405259863606522
万座温泉（まんざ）,1.340269230660938
三朝温泉（みささ）,1.3400040006353742
いわき湯本温泉（いわきゆもと）,1.3396887812940848
咲花温泉（さきはな）,1.3396065444463776
平山・北沼上温泉（ひらやま・きたぬまがみ）,1.339156646104086
日田温泉（ひた）,1.3388508029636883
鳥羽答志島温泉（とばとうしじま）,1.3382884363333383
北橘温泉（きたたちばな）,1.3382429448621613
亀川温泉（別府温泉郷）（かめがわ（べっぷ））,1.3373327549724352
真玉温泉（またま）,1.3373205537597337
伊勢原温泉（いせはら）,1.336495395217623
横川温泉（静岡県）（よこかわ）,1.3362662763822648
筑後川温泉（ちくごがわ）,1.334671285535608
観音温泉（かんのん）,1.3345250324124383
箱根仙石原温泉（はこねせんごくばら）,1.3341721494992573
田牛温泉（とうじ）,1.3339955813827968
阿知須温泉（あじす）,1.3338033530328954
会津神指温泉（あいづこうざし）,1.333465378908884
東八幡平温泉（ひがしはちまんたい）,1.3330660004700934
藪塚温泉（やぶつか）,1.3319491630508786
弁天島温泉（べんてんじま）,1.3312384220106261
十枚荘温泉（じゅうまいそう）,1.3305442230332465
浜村温泉（はまむら）,1.3299363826711974
岩地温泉（いわち）,1.329817726853348
白馬龍神温泉（はくばりゅうじん）,1.3289713714094389
塩河原温泉（しおがわら）,1.3277215716384707
諏訪温泉（すわ）,1.3271267573748315
栄之尾温泉（霧島温泉郷）（さかえのお（きりしま））,1.3269431828742935
蓼科温泉石遊の湯（たてしないしやすのゆ）,1.32482019563516
計石温泉（はかりいし）,1.3239793724247386
鶯宿温泉（おうしゅく）,1.3234137289580845
ねじめ温泉（ねじめ）,1.3232736676221801
湯川内温泉（ゆがわち）,1.3225623865922294
武田尾温泉（たけだお）,1.3225557910544532
宇佐美温泉（うさみ）,1.3224784628975959
新玉川温泉（しんたまがわ）,1.3222365971832049
冷川温泉（ひえかわ）,1.322097394438017
城ケ崎温泉（じょうがさき）,1.3219268534864699
かいづか温泉（かいづか）,1.3215269215759777
今井浜温泉（いまいはま）,1.3210346443312508
鬼怒川温泉（きぬがわ）,1.320804734315191
白田温泉（しらた）,1.3205764879073416
泉ヶ岳温泉（いずみがたけ）,1.3205467909574509
成川温泉（なりかわ）,1.3203300844345773
紫尾温泉（しび）,1.3200756472845872
赤根温泉（あかね）,1.3198277295700143
志戸平温泉（しどたいら）,1.3197300432338601
春日温泉（かすが）,1.3190379490454993
貝掛温泉（かいかけ）,1.3185471360172545
古里温泉（ふるさと）,1.317511103692509
小土肥温泉（おどい）,1.3172967203316235
仙酔峡温泉（せんすいきょう）,1.3172630919587045
会津東山温泉（あいづひがしやま）,1.3159643537586643
磨洞温泉（まどう）,1.3157572732085274
仁伏温泉（にぶし）,1.3144112875064216
ナウマン温泉（なうまん）,1.3137619644403458
修善寺温泉（しゅぜんじ）,1.3130649580132394
焼津温泉（やいづ）,1.3124957382678986
白浜飯田屋温泉（しらはまいいだや）,1.3109811475234372
烏帽子岩温泉（えぼしいわ）,1.3107622180666243
阿蘇高森温泉（阿蘇温泉郷）（あそたかもり（あそ））,1.3103726942624365
南熱海網代山温泉（みなみあたみあじろやま）,1.3091647147777534
有村温泉（ありむら）,1.309061797601836
月夜野温泉（つきよの）,1.3087870191250528
小金湯温泉（こがねゆ）,1.308675654232502
中ノ沢温泉（なかのさわ）,1.3083909098945914
三富温泉郷（みとみ）,1.3079332088430722
伊豆駒の湯温泉（いずこまのゆ）,1.3078345102923257
新居浜温泉（静岡県）（あらいはま）,1.3075810064162527
天橋立・宮津温泉ピント湯（あまのはしだて・みやづぴんとゆ）,1.307419863130365
半出来・吾妻温泉（はんでき・あがつま）,1.307346111606984
坂本温泉（さかもと）,1.3071656205824445
長万部温泉（おしゃまんべ）,1.3064562011332739
観海寺温泉（別府温泉郷）（かんかいじ（べっぷ））,1.3062274005441439
乗鞍温泉郷（のりくら）,1.306045719555446
白神展望温泉（しらかみてんぼう）,1.3050260476413227
遠刈田温泉（とおがった）,1.3047920107131912
大沢温泉（おおさわ）,1.3045281505300885
川崎有馬温泉（かわさきありま）,1.3045025325956798
然別峡菅野温泉（しかりべつきょうかんの）,1.3043341072542327
天草柳港温泉（あまくさやなぎこう）,1.303787792722384
湯の山温泉（ゆのやま）,1.3033128941342944
小天橋温泉きららの湯（しょうてんきょうきららのゆ）,1.3027816333231472
立久恵峡温泉（たちくえきょう）,1.3025763964369184
伏尾温泉（ふしお）,1.3024370060080575
塩別温泉（しおべつ）,1.3022523880714463
林田温泉（はやしだ）,1.302252154442526
養老温泉（ようろう）,1.3009661127414023
猪ノ田温泉（いのだ）,1.300899012280362
高室山温泉（たかむろやま）,1.3008296766451426
南紀太地温泉（なんきたいじ）,1.3002767784609681
丹後松島温泉（たんごまつしま）,1.2990382352755183
白骨温泉（しらほね）,1.2986999799807866
志賀高原幕岩温泉（しがこうげんまくいわ）,1.2980924770236015
種子島温泉（たねがしま）,1.2974228120985485
しほろ温泉（しほろ）,1.2970269020824206
伊東温泉（いとう）,1.2947681532019661
富士田貫湖温泉（ふじたぬきこ）,1.2939792096260048
棚倉温泉（たなぐら）,1.2930698628936494
指宿温泉（いぶすき）,1.2928071153305827
谷津温泉（やつ）,1.292713585354033
新湯温泉（しんゆ）,1.2926587428720224
鉄輪温泉（別府温泉郷）（かんなわ（べっぷ））,1.2926172291239102
弓ヶ浜温泉（ゆみがはま）,1.2925217630607742
飯坂温泉（いいざか）,1.2916720388900667
三ケ日温泉（みっかび）,1.2915317692926953
本渡温泉（ほんど）,1.2910311945847104
伊東市赤沢対島温泉（いとうしあかざわたじま）,1.2909457272007352
箱根仙石原俵石温泉（はこねせんごくはらひょうせき）,1.2905965067801022
牧の戸温泉（まきのと）,1.2894576876645996
月の湯温泉（つきのゆ）,1.2887213444780736
向山温泉（むこうやま）,1.2881723770073483
猪の倉温泉（いのくら）,1.287878081912086
志太温泉（しだ）,1.2866951720345587
道後温泉（どうご）,1.2861891342770486
八丁浜小浜温泉（はっちょうはまこばま）,1.285605830096063
宮ノ下温泉（みやのした）,1.2850347189676194
大雪高原温泉（だいせつこうげん）,1.2847397068426722
十勝幕別温泉（とかちまくべつ）,1.2844228308115686
雲見温泉（くもみ）,1.2837026623033343
上林温泉（かんばやし）,1.283419946829478
大口温泉（おおくち）,1.2833799322446187
垂水温泉（たるみず）,1.2830577322414944
青羽根温泉（あおはね）,1.282738861583528
安比高原温泉郷（あっぴこうげん）,1.282638656241553
壁湯温泉（かべゆ）,1.282492297036307
七味温泉（しちみ）,1.2811187152706442
丹後琴引温泉（たんごことびき）,1.2803487029104006
帯広駅前温泉（おびひろえきまえ）,1.2802787490543865
秩父高篠鉱泉郷（ちちぶたかしのこうせんきょう）,1.2792687675073033
相生の湯（あいおいのゆ）,1.2785391268276034
熊の湯ほたる温泉（くまのゆほたる）,1.2783463082852817
洞川温泉（どろがわ）,1.2780128621629308
磐梯猪苗代はやま温泉（ばんだいいなわしろはやま）,1.2770313102574575
菊鹿温泉（きくか）,1.2768838721371831
八木沢温泉（やぎさわ）,1.2757923484203362
宮城野温泉（みやぎの）,1.2756727156894547
大塩裏磐梯温泉（おおしおうらばんだい）,1.2756652207601638
本別温泉（ほんべつ）,1.2750484943389893
六日町温泉（むいかまち）,1.273298261775857
俄虫温泉（がむし）,1.2731975299261866
小豆島温泉（しょうどしま）,1.2730062721031052
たまの温泉（たまの）,1.2729284891060422
花山温泉（はなやま）,1.2716397334422385
長島温泉（鹿児島県）（ながしま）,1.2714287738005319
天竜水神温泉（てんりゅうすいじん）,1.2703732892516113
白馬かたくり温泉（はくばかたくり）,1.270271707148779
鵜の瀬温泉（水上温泉郷）（うのせ（みなかみ））,1.269123187732129
河津・峰温泉（かわづ・みね）,1.2680837565234728
大牧温泉（おおまき）,1.2677183738421827
三内峡温泉（さんないきょう）,1.267476151032107
飯山温泉（いいやま）,1.2666036305683
西山温泉（にしやま）,1.2645329815291224
湯浦温泉（ゆのうら）,1.2639967600504558
裏耶馬渓温泉（うらやばけい）,1.263667759441194
蒲井温泉（かまい）,1.2609027712827636
大村温泉（おおむら）,1.2606506115269092
志摩奥志摩温泉（しまおくしま）,1.2598168395814442
伊香保温泉（いかほ）,1.259632483834312
芦ノ湖温泉（あしのこ）,1.2585206159523554
白岩温泉（しらいわ）,1.2580663093498776
松崎温泉（まつざき）,1.2564852063854535
鳥羽安楽島温泉（とばあらしま）,1.2562376399125372
増富ラジウム温泉（ますとみらじうむ）,1.2562141521346002
座禅温泉（ざぜん）,1.2558403653757912
那須湯本温泉（なすゆもと）,1.2557308496463866
桃山温泉（ももやま）,1.2554215497913814
湯の鶴温泉（ゆのつる）,1.2551450339988584
浜詰温泉（はまづめ）,1.254748566164857
天草松島温泉（あまくさまつしま）,1.2541600342485166
下田温泉（しもだ）,1.2539739468622777
北見温泉（きたみ）,1.2524673562674296
向屋温泉（こうや）,1.2517177584093242
倉渕温泉（くらぶち）,1.2509470127877735
倉渕川浦温泉（くらぶちかわうら）,1.2509003494467055
帯広温泉（おびひろ）,1.2487623695106733
愛山渓温泉（あいざんけい）,1.2477675105134647
海潟温泉（かいかた）,1.2471475778591066
桜田温泉（さくらだ）,1.2469012405545938
熱海伊豆山温泉（あたみいずさん）,1.2464840472454117
須玉の湯（すだまのゆ）,1.2445874650563513
合志温泉（こうし）,1.2440863203789507
内浦山温泉（うちうらやま）,1.243198827796039
木賀温泉（きが）,1.2419023519115788
関平温泉（せきひら）,1.2394520395568438
川湯温泉（かわゆ）,1.237802555341096
塚原温泉（つかはら）,1.2373972368382273
祭畤温泉（まつるべ）,1.2368889848391214
いそざき温泉（いそざき）,1.2357065031925838
岩滝温泉（いわたき）,1.2351767220312642
湯之野温泉（ゆのの）,1.2333027642397654
新鉛温泉（しんなまり）,1.2331765432442938
真沢温泉（さなざわ）,1.232460943715913
伊豆長岡温泉古奈（いずながおかこな）,1.2312311161132086
ふじやま温泉（ふじやま）,1.2290673415575708
関金温泉（せきがね）,1.2282547539188748
川内高城温泉（せんだいたき）,1.2232012578419276
湯宿温泉（ゆじゅく）,1.222507862285489
吉松温泉郷（よしまつ）,1.2211238727683114
台温泉（花巻温泉郷）（だい（はなまき））,1.2209596559405327
藺牟田温泉（いむた）,1.2208204801593507
杖立温泉（つえだて）,1.2201417987013148
熊入温泉（くまいり）,1.2193737824757893
沢渡温泉（さわたり）,1.2179506942629814
加治木温泉（かじき）,1.2131014425484907
女川温泉（おながわ）,1.2121422688166301
しんのしつ温泉（しんのしつ）,1.2117670403704757
蓬来温泉（よもぎひら）,1.2116230743981542
五十沢温泉（いかざわ）,1.2114346868225505
北川温泉（ほっかわ）,1.210974562380995
新八温泉（しんぱち）,1.2102016246034986
成田温泉（なりた）,1.2093711463468415
北湯沢温泉（きたゆざわ）,1.2078886450756163
開聞温泉（かいもん）,1.2055616733573733
栗野岳温泉（くりのだけ）,1.2019551563121023
阿蘇内牧温泉（あそうちのまき）,1.2007589107822805
阿久根温泉（あくね）,1.1997688811804568
法華院温泉（ほっけいん）,1.1988105092729842
幡谷温泉（はたや）,1.197065077367283
黒沢温泉（くろさわ）,1.1968103127465362
熱海温泉（あたみ）,1.1939699548695768
二股ラジウム温泉（ふたまたらじうむ）,1.191740493334475
箱根大涌谷温泉（はこねおおわくだに）,1.1908919743838764
ハチ北温泉（はちきた）,1.1889884072755064
元箱根温泉（もとはこね）,1.1859305062819097
青荷温泉（あおに）,1.1848502978682518
くったり温泉（くったり）,1.1830030287660303
南郷温泉（なんごう）,1.182492662398588
小豆温泉（あずき）,1.1808017978355998
こうのとり温泉（こうのとり）,1.177241566280524
宮之城ちくりん温泉（みやのじょうちくりん）,1.1759994682811556
竜王ラドン温泉（りゅうおうらどん）,1.1758978194778873
明礬温泉（別府温泉郷）（みょうばん（べっぷ））,1.1717184593989736
梅ヶ島コンヤ温泉（うめがしまこんや）,1.1657500389431203
がまの湯温泉（がまのゆ）,1.1657369617550146
藤岡温泉（ふじおか）,1.1574751569756438
喜連川温泉（きつれがわ）,1.1543673757641089
湯平温泉（ゆのひら）,1.139554939188418
熊の川温泉（くまのかわ）,1.1315567083656788
観音滝温泉（かんのんだき）,1.1295260708956492
湯谷温泉（ゆや）,1.1285759070444674
新横浜温泉（しんよこはま）,1.1244628997076125
尻焼温泉（しりやき）,1.1151738902997403
トーカン岩手山温泉（とーかんいわてさん）,1.1133194766229106
栗川温泉（くりかわ）,1.1120459316741853
角館温泉（かくのだて）,1.110286701115824
昼神温泉（ひるがみ）,1.1069430783390999
戸田温泉（へだ）,1.1050161997832002
紀伊見温泉（きいみ）,1.1010427202674604
松の湯温泉（まつのゆ）,1.0937371463293122
花巻温泉（はなまき）,1.0875985116830895
堀田温泉（別府温泉郷）（ほりた（べっぷ））,1.0866266522733938
丹後木橋温泉（たんごきはし）,1.0634663818137986
谷山温泉（たにやま）,1.0589317250109853
尾瀬片品温泉（おぜかたしな）,1.0425726342059316
五色温泉（福島県）（ごしき）,1.038544488804681
湯田上温泉（ゆだがみ）,1.036288039404012
石切温泉（いしきり）,1.0249259326429594
柏の葉キャンパスシティ温泉（かしわのは）,1.0182827984293301
大野目温泉（だいのめ）,1.0165015090079534
御殿場高原温泉（ごてんばこうげん）,1.0096809615691502
青梅石神温泉（おうめいしがみ）,0.9960623951185317
芭蕉月待ちの湯（ばしょうつきまちのゆ）,0.9949554144626572
長門峡温泉（ちょうもんきょう）,0.9943868365316164
根府川温泉（ねぶかわ）,0.9909456526594502
石井温泉（いしい）,0.9797663862506549
南阿蘇温泉（阿蘇温泉郷）（みなみあそ（あそ））,0.9746864421204442
宮津温泉（みやづ）,0.9708687216043472
御殿場東田中温泉（ごてんばひがしたなか）,0.9706382311525799
用井温泉（もちい）,0.9607231914997101
千倉海底温泉（ちくらかいてい）,0.9527707717248373
名張香落渓温泉（なばりこおちだに）,0.9488181794683138
浅虫温泉（あさむし）,0.9313151275827771
浜坂温泉（はまさか）,0.9274677133985929
湯坪温泉（ゆつぼ）,0.9159047121093387
尾瀬戸倉温泉（おぜとくら）,0.9095705126722654
寒の地獄温泉（かんのじごく）,0.9095439311294329
裂石温泉（さけいし）,0.8925602223191942
川原湯温泉（かわらゆ）,0.8891764751502446
丸沼温泉（まるぬま）,0.8769763711662519
はわい温泉（はわい）,0.8708550326880955
辰ケ湯温泉（たつがゆ）,0.867454422371728
七沢温泉（ななさわ）,0.8625904669364293
岩井温泉（いわい）,0.8611435343821843
ひみ阿尾の浦温泉（ひみあおのうら）,0.8523999768353644
弥彦温泉（やひこ）,0.8522946295284088
奈良田温泉（ならだ）,0.8513584062457085
湯之谷温泉（鹿児島県）（ゆのたに）,0.8402648035969054
本白根温泉（もとしらね）,0.8393003553861663
法師温泉（ほうし）,0.8315660297161057
土出温泉（つちいで）,0.8282097343887602
御殿場乙女温泉乙女2号泉（ごてんばおとめおとめにごうせん）,0.8262001808200563
八ヶ岳南麓温泉（やつがたけなんろく）,0.8221707691748936
宝川温泉（たからがわ）,0.8122435641430673
丹波山温泉のめこい湯（たばやまのめこいゆ）,0.8074987445558821
白川温泉（山形）（しらかわ）,0.8048037836949031
大滝温泉（河津温泉郷）（おおだる（かわづ））,0.803373152301425
秋山雛鶴の湯（あきやまひなつるのゆ）,0.8004211744382268
韮崎旭温泉（にらさきあさひ）,0.8001654623519807
坊中温泉（ぼうちゅう）,0.799161980904284
雨畑湖温泉（あめはたこ）,0.7986478479135604
みさかの湯（みさかのゆ）,0.7966301657614254
赤城高原温泉（あかぎこうげん）,0.7924702447794733
奈女沢温泉（なめさわ）,0.7910875844813529
八塩温泉（やしお）,0.780187339300201
白布温泉（しらぶ）,0.771481113774436
越中となみ野温泉（えっちゅうとなみの）,0.761861947675546
武尊温泉（ほだか）,0.7595239132642746
泡の湯温泉（あわのゆ）,0.7561971339441481
託麻温泉（たくま）,0.7280454578853789
左沢温泉（あてらさわ）,0.7276672178081104
甲府昭和温泉（こうふしょうわ）,0.7211818318991434
泉温泉健康センター（いずみけんこうせんたー）,0.714692486893563
薬師温泉（やくし）,0.7141627885756039
飯田温泉（いいだ）,0.7121366925892376
富士青木ヶ原樹海温泉（ふじあおきがはらじゅかい）,0.7020489931816147
阿蘇白水温泉（あそはくすい）,0.6916387985859598
花敷温泉（はなしき）,0.6906202190688678
白石温泉（しろいし）,0.6889336286556154
高崎観音山温泉（たかさきかんのんやま）,0.6884499749257451
むかわの湯（むかわのゆ）,0.6869567540429887
浅間高原温泉（あさまこうげん）,0.6867256505148751
飯森山温泉（いいもりやま）,0.6810161304615793
洞爺湖温泉（とうやこ）,0.6715858823486737
たかねの湯（たかねのゆ）,0.6691355318540619
忠治温泉（ちゅうじ）,0.662948859234651
天恵泉（てんけいせん）,0.6607612492073149
富士西湖温泉（ふじさいこ）,0.63721310063487
紋別温泉（もんべつ）,0.5930239664656776
